[{"__symbolic":"module","version":3,"metadata":{"TranslateCompiler":{"__symbolic":"class","members":{"compile":[{"__symbolic":"method"}],"compileTranslations":[{"__symbolic":"method"}]}},"TranslateFakeCompiler":{"__symbolic":"class","extends":{"__symbolic":"reference","name":"TranslateCompiler"},"decorators":[{"__symbolic":"call","expression":{"__symbolic":"reference","module":"@angular/core","name":"Injectable"}}],"members":{"compile":[{"__symbolic":"method"}],"compileTranslations":[{"__symbolic":"method"}]}}}},{"__symbolic":"module","version":1,"metadata":{"TranslateCompiler":{"__symbolic":"class","members":{"compile":[{"__symbolic":"method"}],"compileTranslations":[{"__symbolic":"method"}]}},"TranslateFakeCompiler":{"__symbolic":"class","extends":{"__symbolic":"reference","name":"TranslateCompiler"},"decorators":[{"__symbolic":"call","expression":{"__symbolic":"reference","module":"@angular/core","name":"Injectable"}}],"members":{"compile":[{"__symbolic":"method"}],"compileTranslations":[{"__symbolic":"method"}]}}}}]