{
  "IN": "a1f8a604216c1d7877d2",
  "AF": "9a18fd99e892bff0dcb7",
  "AX": "ae5ecb63a30974627faa",
  "AL": "ae5ecb63a30974627faa",
  "DZ": "9e15113f52bcef998da2",
  "AS": "9a18fd99e892bff0dcb7",
  "AD": "ae5ecb63a30974627faa",
  "AO": "9e15113f52bcef998da2",
  "AI": "ee4a1f660a8f1cfccc7c",
  "AG": "ee4a1f660a8f1cfccc7c",
  "AR": "ee4a1f660a8f1cfccc7c",
  "AM": "ae5ecb63a30974627faa",
  "AW": "ee4a1f660a8f1cfccc7c",
  "AU": "9a18fd99e892bff0dcb7",
  "AT": "ae5ecb63a30974627faa",
  "AZ": "9a18fd99e892bff0dcb7",
  "BS": "ee4a1f660a8f1cfccc7c",
  "BH": "9e15113f52bcef998da2",
  "BD": "9a18fd99e892bff0dcb7",
  "BB": "ee4a1f660a8f1cfccc7c",
  "BY": "ae5ecb63a30974627faa",
  "BE": "ae5ecb63a30974627faa",
  "BZ": "ee4a1f660a8f1cfccc7c",
  "BJ": "9e15113f52bcef998da2",
  "BM": "ee4a1f660a8f1cfccc7c",
  "BT": "9a18fd99e892bff0dcb7",
  "BO": "ee4a1f660a8f1cfccc7c",
  "BQ": "ee4a1f660a8f1cfccc7c",
  "BA": "ae5ecb63a30974627faa",
  "BW": "9e15113f52bcef998da2",
  "BV": "ae5ecb63a30974627faa",
  "BR": "ee4a1f660a8f1cfccc7c",
  "IO": "ae5ecb63a30974627faa",
  "BN": "9a18fd99e892bff0dcb7",
  "BG": "ae5ecb63a30974627faa",
  "BF": "9e15113f52bcef998da2",
  "BI": "9e15113f52bcef998da2",
  "KH": "9a18fd99e892bff0dcb7",
  "CM": "9e15113f52bcef998da2",
  "CA": "ee4a1f660a8f1cfccc7c",
  "CV": "9e15113f52bcef998da2",
  "KY": "ee4a1f660a8f1cfccc7c",
  "CF": "9e15113f52bcef998da2",
  "TD": "9e15113f52bcef998da2",
  "CL": "ee4a1f660a8f1cfccc7c",
  "CN": "9a18fd99e892bff0dcb7",
  "CX": "9a18fd99e892bff0dcb7",
  "CC": "9a18fd99e892bff0dcb7",
  "CO": "ee4a1f660a8f1cfccc7c",
  "KM": "9e15113f52bcef998da2",
  "CG": "9e15113f52bcef998da2",
  "CD": "9e15113f52bcef998da2",
  "CK": "9a18fd99e892bff0dcb7",
  "CR": "ee4a1f660a8f1cfccc7c",
  "CI": "9e15113f52bcef998da2",
  "HR": "ae5ecb63a30974627faa",
  "CU": "ee4a1f660a8f1cfccc7c",
  "CW": "ee4a1f660a8f1cfccc7c",
  "CY": "9e15113f52bcef998da2",
  "CZ": "ae5ecb63a30974627faa",
  "DK": "ae5ecb63a30974627faa",
  "DJ": "9e15113f52bcef998da2",
  "DM": "ee4a1f660a8f1cfccc7c",
  "DO": "ee4a1f660a8f1cfccc7c",
  "EC": "ee4a1f660a8f1cfccc7c",
  "EG": "9e15113f52bcef998da2",
  "SV": "ee4a1f660a8f1cfccc7c",
  "GQ": "9e15113f52bcef998da2",
  "ER": "9e15113f52bcef998da2",
  "EE": "ae5ecb63a30974627faa",
  "ET": "9e15113f52bcef998da2",
  "FK": "ee4a1f660a8f1cfccc7c",
  "FO": "ae5ecb63a30974627faa",
  "FJ": "9a18fd99e892bff0dcb7",
  "FI": "ae5ecb63a30974627faa",
  "FR": "ae5ecb63a30974627faa",
  "GF": "ee4a1f660a8f1cfccc7c",
  "PF": "9a18fd99e892bff0dcb7",
  "TF": "ae5ecb63a30974627faa",
  "GA": "9e15113f52bcef998da2",
  "GM": "9e15113f52bcef998da2",
  "GE": "9e15113f52bcef998da2",
  "DE": "ae5ecb63a30974627faa",
  "GH": "9e15113f52bcef998da2",
  "GI": "ae5ecb63a30974627faa",
  "GR": "ae5ecb63a30974627faa",
  "GL": "ee4a1f660a8f1cfccc7c",
  "GD": "ee4a1f660a8f1cfccc7c",
  "GP": "ee4a1f660a8f1cfccc7c",
  "GU": "9a18fd99e892bff0dcb7",
  "GT": "ee4a1f660a8f1cfccc7c",
  "GG": "ae5ecb63a30974627faa",
  "GN": "9e15113f52bcef998da2",
  "GW": "9e15113f52bcef998da2",
  "GY": "ee4a1f660a8f1cfccc7c",
  "HT": "ee4a1f660a8f1cfccc7c",
  "HM": "9a18fd99e892bff0dcb7",
  "VA": "ae5ecb63a30974627faa",
  "HN": "ee4a1f660a8f1cfccc7c",
  "HK": "9a18fd99e892bff0dcb7",
  "HU": "ae5ecb63a30974627faa",
  "IS": "ae5ecb63a30974627faa",
  "ID": "9a18fd99e892bff0dcb7",
  "IR": "9e15113f52bcef998da2",
  "IQ": "9e15113f52bcef998da2",
  "IE": "ae5ecb63a30974627faa",
  "IM": "ae5ecb63a30974627faa",
  "IL": "9a18fd99e892bff0dcb7",
  "IT": "ae5ecb63a30974627faa",
  "JM": "ee4a1f660a8f1cfccc7c",
  "JP": "9a18fd99e892bff0dcb7",
  "JE": "ae5ecb63a30974627faa",
  "JO": "9e15113f52bcef998da2",
  "KZ": "9a18fd99e892bff0dcb7",
  "KE": "9e15113f52bcef998da2",
  "KI": "9a18fd99e892bff0dcb7",
  "KP": "9a18fd99e892bff0dcb7",
  "KR": "9a18fd99e892bff0dcb7",
  "KW": "9e15113f52bcef998da2",
  "KG": "9a18fd99e892bff0dcb7",
  "LA": "9a18fd99e892bff0dcb7",
  "LV": "ae5ecb63a30974627faa",
  "LB": "9e15113f52bcef998da2",
  "LS": "9e15113f52bcef998da2",
  "LR": "9e15113f52bcef998da2",
  "LY": "9e15113f52bcef998da2",
  "LI": "ae5ecb63a30974627faa",
  "LT": "ae5ecb63a30974627faa",
  "LU": "ae5ecb63a30974627faa",
  "MO": "9a18fd99e892bff0dcb7",
  "MK": "ae5ecb63a30974627faa",
  "MG": "9e15113f52bcef998da2",
  "MW": "9e15113f52bcef998da2",
  "MY": "9a18fd99e892bff0dcb7",
  "MV": "9a18fd99e892bff0dcb7",
  "ML": "9e15113f52bcef998da2",
  "MT": "ae5ecb63a30974627faa",
  "MH": "9a18fd99e892bff0dcb7",
  "MQ": "ee4a1f660a8f1cfccc7c",
  "MR": "9e15113f52bcef998da2",
  "MU": "9e15113f52bcef998da2",
  "YT": "9e15113f52bcef998da2",
  "MX": "ee4a1f660a8f1cfccc7c",
  "FM": "9a18fd99e892bff0dcb7",
  "MD": "ae5ecb63a30974627faa",
  "MC": "ae5ecb63a30974627faa",
  "MN": "9a18fd99e892bff0dcb7",
  "ME": "ae5ecb63a30974627faa",
  "MS": "ee4a1f660a8f1cfccc7c",
  "MA": "9e15113f52bcef998da2",
  "MZ": "9e15113f52bcef998da2",
  "MM": "9a18fd99e892bff0dcb7",
  "NA": "9e15113f52bcef998da2",
  "NR": "9a18fd99e892bff0dcb7",
  "NP": "9a18fd99e892bff0dcb7",
  "NL": "ae5ecb63a30974627faa",
  "NC": "9a18fd99e892bff0dcb7",
  "NZ": "9a18fd99e892bff0dcb7",
  "NI": "ee4a1f660a8f1cfccc7c",
  "NE": "9e15113f52bcef998da2",
  "NG": "9e15113f52bcef998da2",
  "NU": "9a18fd99e892bff0dcb7",
  "NF": "9a18fd99e892bff0dcb7",
  "MP": "9a18fd99e892bff0dcb7",
  "NO": "ae5ecb63a30974627faa",
  "OM": "9e15113f52bcef998da2",
  "PK": "9a18fd99e892bff0dcb7",
  "PW": "9a18fd99e892bff0dcb7",
  "PS": "9e15113f52bcef998da2",
  "PA": "ee4a1f660a8f1cfccc7c",
  "PG": "9a18fd99e892bff0dcb7",
  "PY": "ee4a1f660a8f1cfccc7c",
  "PE": "ee4a1f660a8f1cfccc7c",
  "PH": "9a18fd99e892bff0dcb7",
  "PN": "9a18fd99e892bff0dcb7",
  "PL": "ae5ecb63a30974627faa",
  "PT": "ae5ecb63a30974627faa",
  "PR": "ee4a1f660a8f1cfccc7c",
  "QA": "9e15113f52bcef998da2",
  "RE": "9e15113f52bcef998da2",
  "RO": "ae5ecb63a30974627faa",
  "RU": "ae5ecb63a30974627faa",
  "RW": "9e15113f52bcef998da2",
  "BL": "ee4a1f660a8f1cfccc7c",
  "SH": "9e15113f52bcef998da2",
  "KN": "ee4a1f660a8f1cfccc7c",
  "LC": "ee4a1f660a8f1cfccc7c",
  "MF": "ee4a1f660a8f1cfccc7c",
  "PM": "ee4a1f660a8f1cfccc7c",
  "VC": "ee4a1f660a8f1cfccc7c",
  "WS": "9a18fd99e892bff0dcb7",
  "SM": "ae5ecb63a30974627faa",
  "ST": "9e15113f52bcef998da2",
  "SA": "9e15113f52bcef998da2",
  "SN": "9e15113f52bcef998da2",
  "RS": "ae5ecb63a30974627faa",
  "SC": "9e15113f52bcef998da2",
  "SL": "9e15113f52bcef998da2",
  "SG": "9a18fd99e892bff0dcb7",
  "SX": "ee4a1f660a8f1cfccc7c",
  "SK": "ae5ecb63a30974627faa",
  "SI": "ae5ecb63a30974627faa",
  "SB": "9a18fd99e892bff0dcb7",
  "SO": "9e15113f52bcef998da2",
  "ZA": "9e15113f52bcef998da2",
  "GS": "ae5ecb63a30974627faa",
  "SS": "9e15113f52bcef998da2",
  "ES": "ae5ecb63a30974627faa",
  "LK": "9a18fd99e892bff0dcb7",
  "SD": "9e15113f52bcef998da2",
  "SR": "ee4a1f660a8f1cfccc7c",
  "SJ": "ae5ecb63a30974627faa",
  "SZ": "9e15113f52bcef998da2",
  "SE": "ae5ecb63a30974627faa",
  "CH": "ae5ecb63a30974627faa",
  "SY": "9e15113f52bcef998da2",
  "TW": "9a18fd99e892bff0dcb7",
  "TJ": "9a18fd99e892bff0dcb7",
  "TZ": "9e15113f52bcef998da2",
  "TH": "9a18fd99e892bff0dcb7",
  "TL": "9a18fd99e892bff0dcb7",
  "TG": "9e15113f52bcef998da2",
  "TK": "9a18fd99e892bff0dcb7",
  "TO": "9a18fd99e892bff0dcb7",
  "TT": "ee4a1f660a8f1cfccc7c",
  "TN": "9e15113f52bcef998da2",
  "TR": "9e15113f52bcef998da2",
  "TM": "9a18fd99e892bff0dcb7",
  "TC": "ee4a1f660a8f1cfccc7c",
  "TV": "9a18fd99e892bff0dcb7",
  "UG": "9e15113f52bcef998da2",
  "UA": "ae5ecb63a30974627faa",
  "AE": "9e15113f52bcef998da2",
  "GB": "ae5ecb63a30974627faa",
  "US": "ee4a1f660a8f1cfccc7c",
  "UM": "ee4a1f660a8f1cfccc7c",
  "UY": "ee4a1f660a8f1cfccc7c",
  "UZ": "9a18fd99e892bff0dcb7",
  "VU": "9a18fd99e892bff0dcb7",
  "VE": "ee4a1f660a8f1cfccc7c",
  "VN": "9a18fd99e892bff0dcb7",
  "VG": "ee4a1f660a8f1cfccc7c",
  "VI": "ee4a1f660a8f1cfccc7c",
  "WF": "9a18fd99e892bff0dcb7",
  "EH": "9e15113f52bcef998da2",
  "YE": "9e15113f52bcef998da2",
  "ZM": "9e15113f52bcef998da2",
  "ZW": "9e15113f52bcef998da2"
}